<?xml version="1.0" encoding="UTF-8"?>
<configurationDescriptor version="65">
  <projectmakefile>Makefile</projectmakefile>
  <defaultConf>3</defaultConf>
  <confs>
    <conf name="EXPLORER_16_PIC32MX360" type="2">
      <platformToolSN></platformToolSN>
      <languageToolchainDir>/opt/microchip/xc32/v2.50/bin</languageToolchainDir>
      <mdbdebugger version="1">
        <placeholder1>place holder 1</placeholder1>
        <placeholder2>place holder 2</placeholder2>
      </mdbdebugger>
      <runprofile version="6">
        <args></args>
        <rundir></rundir>
        <buildfirst>true</buildfirst>
        <console-type>0</console-type>
        <terminal-type>0</terminal-type>
        <remove-instrumentation>0</remove-instrumentation>
        <environment>
        </environment>
      </runprofile>
    </conf>
    <conf name="EXPLORER_16_PIC32MX460" type="2">
      <platformToolSN>:=MPLABComm-USB-Microchip:=&lt;vid>04D8:=&lt;pid>9009:=&lt;rev>0100:=&lt;man>Microchip Technology, Inc. (www.microchip.com):=&lt;prod>MPLAB ICD3 tm (www.microchip.com):=&lt;sn>JIT112942201:=&lt;drv>x:=&lt;xpt>b:=end</platformToolSN>
      <languageToolchainDir>/opt/microchip/xc32/v2.50/bin</languageToolchainDir>
      <mdbdebugger version="1">
        <placeholder1>place holder 1</placeholder1>
        <placeholder2>place holder 2</placeholder2>
      </mdbdebugger>
      <runprofile version="6">
        <args></args>
        <rundir></rundir>
        <buildfirst>true</buildfirst>
        <console-type>0</console-type>
        <terminal-type>0</terminal-type>
        <remove-instrumentation>0</remove-instrumentation>
        <environment>
        </environment>
      </runprofile>
    </conf>
    <conf name="EXPLORER_16_PIC32MX795" type="2">
      <platformToolSN></platformToolSN>
      <languageToolchainDir>/opt/microchip/xc32/v2.50/bin</languageToolchainDir>
      <mdbdebugger version="1">
        <placeholder1>place holder 1</placeholder1>
        <placeholder2>place holder 2</placeholder2>
      </mdbdebugger>
      <runprofile version="6">
        <args></args>
        <rundir></rundir>
        <buildfirst>true</buildfirst>
        <console-type>0</console-type>
        <terminal-type>0</terminal-type>
        <remove-instrumentation>0</remove-instrumentation>
        <environment>
        </environment>
      </runprofile>
    </conf>
    <conf name="USB-II_STARTER_KIT" type="2">
      <platformToolSN>:=MPLABComm-USB-Microchip:=&lt;vid>04D8:=&lt;pid>8108:=&lt;rev>0002:=&lt;man>Digilent:=&lt;prod>chipKitProgrammer:=&lt;sn>DA51F2D:=&lt;drv>x:=&lt;xpt>h:=end</platformToolSN>
      <languageToolchainDir>/opt/microchip/xc32/v2.50/bin</languageToolchainDir>
      <mdbdebugger version="1">
        <placeholder1>place holder 1</placeholder1>
        <placeholder2>place holder 2</placeholder2>
      </mdbdebugger>
      <runprofile version="6">
        <args></args>
        <rundir></rundir>
        <buildfirst>true</buildfirst>
        <console-type>0</console-type>
        <terminal-type>0</terminal-type>
        <remove-instrumentation>0</remove-instrumentation>
        <environment>
        </environment>
      </runprofile>
    </conf>
  </confs>
</configurationDescriptor>
